Approach,DevEER,EER_Threshold,TrainTimeSec,FeatureDim,N_train,N_dev
CQCC + Δ/ΔΔ,0.1346666666666665,0.5685177758913565,717.2,120,3000,1500
MFCC + Δ/ΔΔ,0.2066666666666664,0.5046862556859342,24.22,120,3000,1500
LFCC + Δ/ΔΔ,0.2639999999999996,0.5007120977105886,28.29,120,3000,1500
