{
  "utt_id": "ui_90d490c940cf4190af653ae858d4f45f",
  "wav_path": "/Users/seecsy/main/artifacts/tmp_uploads/upload_75f7ac9cc13f4554a0967766f2b3a151.flac",
  "p_fake": 0.9796909093856812,
  "top_time_frames": [
    15,
    93,
    14,
    284,
    8,
    12,
    13,
    283,
    101,
    10
  ],
  "top_time_seconds": [
    0.15,
    0.93,
    0.14,
    2.84,
    0.08,
    0.12,
    0.13,
    2.83,
    1.01,
    0.1
  ],
  "time_entropy": 5.9426220178590965,
  "time_concentration": 0.15785717354702056,
  "top_mel_bins": [
    22,
    23,
    53,
    29,
    67,
    45,
    4,
    21,
    3,
    27
  ],
  "freq_entropy": 4.372581458517738
}