{
  "utt_id": "ui_64306f74467c4278a91cf0032a0104a2",
  "wav_path": "/Users/seecsy/main/artifacts/tmp_uploads/upload_bf44e943142249da874c89b5e25dea3e.flac",
  "p_fake": 0.9997587203979492,
  "top_time_frames": [
    0,
    1,
    3,
    2,
    9,
    7,
    4,
    5,
    6,
    8
  ],
  "top_time_seconds": [
    0.0,
    0.01,
    0.03,
    0.02,
    0.09,
    0.07,
    0.04,
    0.05,
    0.06,
    0.08
  ],
  "time_entropy": 5.814782386971693,
  "time_concentration": 0.24910399323981278,
  "top_mel_bins": [
    48,
    6,
    37,
    45,
    21,
    55,
    1,
    7,
    13,
    8
  ],
  "freq_entropy": 4.359425392246061
}